freq,word,rank
6187267,the,1
2941444,of,2
2682863,and,3
2126369,a,4
1812609,in,5
1620850,to,6
1089186,it,7
998389,is,8
923948,was,9
917579,to,10
884599,i,11
833360,for,12
695498,you,13
681255,he,14
662516,be,15
652027,with,16
647344,on,17
628999,that,18
507317,by,19
478162,at,20
470943,are,21
462486,not,22
461945,this,23
454096,but,24
442545,'s,25
433441,they,26
426896,his,27
413532,from,28
409012,had,29
380257,she,30
372031,which,31
370808,or,32
358039,we,33
343063,an,34
332839,n't,35
325048,'s,36
322824,were,37
286913,that,38
268723,been,39
268490,have,40
260919,their,41
259431,has,42
255188,would,43
249466,what,44
244822,will,45
239460,there,46
237089,if,47
234386,can,48
227737,all,49
218258,her,50
208623,as,51
205432,who,52
205195,have,53
196635,do,54
194800,that,55
190499,one,56
185277,said,57
173414,them,58
171174,some,59
168387,could,60
165014,him,61
163469,into,62
163081,its,63
160652,then,64
156111,two,65
155417,when,66
154288,up,67
153679,time,68
152619,my,69
150958,out,70
147324,so,71
143405,did,72
142118,about,73
138334,your,74
137801,now,75
137151,me,76
137026,no,77
134029,more,78
129451,other,79
125465,just,80
125442,these,81
124884,also,82
123916,people,83
123655,any,84
118699,first,85
115994,only,86
114655,new,87
113024,may,88
111538,very,89
111236,should,90
111083,as,91
108988,like,92
108710,her,93
108618,than,94
106427,as,95
101508,how,96
96080,well,97
95313,way,98
95001,our,99
91583,as,100
90541,between,101
90173,years,102
89838,er,103
89659,many,104
88862,those,105
88490,there,106
87706,'ve,107
87105,being,108
85183,because,109
83661,do,110
83504,'re,111
83382,yeah,112
79759,three,113
76798,down,114
75524,such,115
75494,back,116
74839,good,117
74609,where,118
73757,year,119
73166,through,120
72591,'ll,121
72059,must,122
71717,still,123
70962,even,124
70238,know,125
70164,too,126
69947,here,127
69636,get,128
69459,own,129
68725,does,130
68413,oh,131
68063,last,132
67999,no,133
67198,more,134
65789,'m,135
64163,going,136
64028,so,137
62603,erm,138
62570,after,139
62350,us,140
62163,government,141
61446,might,142
61402,same,143
60838,much,144
60628,see,145
60592,yes,146
59772,go,147
59664,make,148
58863,day,149
58769,man,150
58182,another,151
58070,world,152
57933,see,153
57451,got,154
57401,work,155
57150,however,156
56592,life,157
56229,again,158
56208,against,159
56091,think,160
55899,never,161
55498,under,162
55038,one,163
54966,most,164
54595,old,165
53619,over,166
53034,know,167
52452,something,168
52382,mr,169
51486,take,170
50877,why,171
50732,each,172
50548,while,173
50195,part,174
49967,on,175
49286,number,176
49038,out_of,177
48397,made,178
48373,different,179
48062,really,180
48028,went,181
47416,',182
46919,came,183
46739,after,184
46577,children,185
46228,always,186
46115,four,187
45867,without,188
45845,one,189
45042,within,190
44651,system,191
44220,local,192
44013,during,193
43792,most,194
43635,although,195
43139,next,196
43008,small,197
42924,case,198
42691,great,199
42409,things,200
41605,social,201
41468,end,202
41291,say,203
41169,quite,204
41162,both,205
41030,group,206
40738,five,207
40710,about,208
40114,every,209
39886,women,210
39773,says,211
39561,party,212
39316,'s,213
39265,important,214
39201,place,215
39116,house,216
38831,took,217
38670,before,218
38641,information,219
38384,1,220
38324,men,221
38205,per_cent,222
37640,often,223
37541,seen,224
37355,money,225
37331,school,226
37211,national,227
36970,fact,228
36521,night,229
36378,had,230
36297,given,231
35922,second,232
35876,point,233
35628,off,234
35473,done,235
35274,having,236
35203,thing,237
35174,british,238
35142,london,239
35108,taken,240
35104,think,241
35096,area,242
35039,perhaps,243
35026,company,244
34946,in,245
34704,all,246
34455,family,247
34394,2,248
34357,hand,249
34314,'d,250
34292,already,251
34178,possible,252
34115,over,253
34064,nothing,254
33947,when,255
33893,mm,256
33783,home,257
33768,large,258
33658,yet,259
33573,business,260
33413,in,261
33287,water,262
33240,side,263
33169,whether,264
33048,days,265
32968,used,266
32813,john,267
32393,'d,268
32276,development,269
32216,week,270
32067,state,271
32060,such_as,272
32016,give,273
31925,head,274
31871,want,275
31730,ca,276
31638,right,277
31588,almost,278
31408,country,279
31284,much,280
31082,himself,281
31052,find,282
31032,council,283
30962,power,284
30942,of_course,285
30909,come,286
30871,thought,287
30831,young,288
30794,room,289
30410,able,290
30366,political,291
30355,six,292
30326,later,293
29994,until,294
29852,get,295
29660,members,296
29653,eyes,297
29475,public,298
29306,use,299
29146,service,300
29089,mean,301
28991,problem,302
28801,though,303
28698,high,304
28605,go,305
28600,towards,306
28321,anything,307
28276,up,308
28255,others,309
27842,war,310
27798,car,311
27644,both,312
27632,doing,313
27508,police,314
27492,problems,315
27436,interest,316
27303,probably,317
27184,available,318
26814,where,319
26791,on,320
26109,say,321
26076,saw,322
26053,full,323
26018,knew,324
25990,actually,325
25973,education,326
25941,policy,327
25895,ever,328
25884,am,329
25871,made,330
25846,best,331
25781,a_few,332
25775,today,333
25737,face,334
25713,at_least,335
25677,times,336
25635,enough,337
25587,office,338
25477,looking,339
25360,door,340
25352,since,341
25206,voice,342
25178,before,343
25147,less,344
25090,britain,345
25074,form,346
25043,body,347
25040,3,348
24982,person,349
24960,together,350
24923,research,351
24913,when,352
24858,want,353
24816,services,354
24809,months,355
24704,up_to,356
24684,big,357
24641,only,358
24592,name,359
24572,little,360
24550,million,361
24527,health,362
24510,law,363
24487,question,364
24479,book,365
24468,long,366
24399,words,367
24396,mother,368
24395,using,369
24385,child,370
24303,come,371
24290,period,372
24264,making,373
24146,got,374
24077,court,375
24054,main,376
24002,several,377
23829,for_example,378
23776,society,379
23719,market,380
23712,itself,381
23673,themselves,382
23664,like,383
23576,began,384
23484,economic,385
23409,upon,386
23353,areas,387
23303,away,388
23282,major,389
23218,therefore,390
23201,woman,391
23142,england,392
23117,over,393
23082,including,394
22985,help,395
22864,among,396
22838,gave,397
22835,right,398
22815,real,399
22784,job,400
22592,likely,401
22581,position,402
22570,process,403
22509,effect,404
22432,known,405
22367,a,406
22350,far,407
22333,line,408
22232,half,409
22227,staff,410
22188,became,411
22146,moment,412
22146,community,413
22033,difficult,414
22018,action,415
22002,particularly,416
21966,special,417
21937,particular,418
21929,international,419
21900,kind,420
21892,father,421
21889,report,422
21879,look,423
21781,age,424
21763,across,425
21733,management,426
21702,idea,427
21626,certain,428
21513,so_that,429
21445,taking,430
21364,evidence,431
21341,rather,432
21318,looked,433
21315,off,434
21241,minister,435
21200,tell,436
21197,third,437
21194,seems,438
21150,view,439
21045,morning,440
21030,found,441
20919,else,442
20860,sense,443
20822,use,444
20694,behind,445
20532,back,446
20517,sometimes,447
20488,thus,448
20398,level,449
20355,getting,450
20343,better,451
20268,ten,452
20234,shall,453
20209,need,454
20205,over,455
20152,seemed,456
20142,table,457
20138,further,458
20118,made,459
20061,death,460
20017,4,461
19837,mrs,462
19833,whose,463
19817,industry,464
19808,ago,465
19696,century,466
19694,take,467
19623,control,468
19539,sort,469
19529,gone,470
19500,church,471
19459,yesterday,472
19437,clear,473
19428,range,474
19375,black,475
19349,general,476
19313,word,477
19309,groups,478
19297,work,479
19296,history,480
19295,free,481
19275,keep,482
19251,road,483
19196,order,484
19160,few,485
19151,usually,486
19128,make,487
19116,wanted,488
19108,hundred,489
19073,centre,490
18997,put,491
18985,food,492
18967,study,493
18936,programme,494
18902,result,495
18901,air,496
18884,hours,497
18864,committee,498
18858,indeed,499
18851,team,500
18843,experience,501
18830,change,502
18772,course,503
18771,language,504
18701,white,505
18681,someone,506
18675,everything,507
18647,certainly,508
18643,mind,509
18620,hands,510
18570,10,511
18540,home,512
18532,rate,513
18517,section,514
18496,said,515
18432,similar,516
18414,trade,517
18374,minutes,518
18350,reason,519
18260,authority,520
18213,cases,521
18210,role,522
18188,data,523
18144,working,524
18142,europe,525
18142,before,526
18107,necessary,527
18099,nature,528
18076,class,529
18060,felt,530
17947,central,531
17812,because_of,532
17809,well,533
17770,english,534
17763,companies,535
17759,rather_than,536
17756,simply,537
17746,early,538
17698,department,539
17694,especially,540
17691,asked,541
17637,called,542
17622,personal,543
17586,value,544
17557,5,545
17481,member,546
17471,around,547
17330,patients,548
17319,seven,549
17315,uk,550
17303,paper,551
17301,land,552
17298,eight,553
17261,systems,554
17252,true,555
17197,herself,556
17191,told,557
17156,support,558
17137,act,559
17120,type,560
17102,wife,561
17032,once,562
16982,city,563
16973,former,564
16938,common,565
16846,friend,566
16840,changes,567
16769,countries,568
16728,care,569
16633,sure,570
16628,decision,571
16622,financial,572
16620,single,573
16563,terms,574
16522,price,575
16467,provide,576
16409,stage,577
16375,matter,578
16333,parents,579
16331,club,580
16325,practice,581
16293,based,582
16275,trying,583
16257,as_well_as,584
16253,private,585
16247,cos,586
16234,foreign,587
16194,god,588
16179,saying,589
16164,wo,590
16135,further,591
16129,need,592
16057,whole,593
16027,town,594
16027,makes,595
15991,open,596
15978,situation,597
15968,comes,598
15903,soon,599
15898,strong,600
15879,b,601
15854,bed,602
15812,recent,603
15783,us,604
15755,girl,605
15722,according_to,606
15714,david,607
15676,higher,608
15641,twenty,609
15633,as_if,610
15626,better,611
15617,quality,612
15599,either,613
15544,european,614
15502,various,615
15488,to,616
15369,conditions,617
15349,clearly,618
15348,at_all,619
15322,ground,620
15296,weeks,621
15296,down,622
15288,long,623
15242,may,624
15230,tax,625
15172,look,626
15170,found,627
15153,away,628
15124,poor,629
15091,production,630
15081,friends,631
15029,shown,632
15010,month,633
14995,na,634
14993,music,635
14982,1990,636
14956,anyone,637
14930,game,638
14927,ways,639
14855,schools,640
14796,issue,641
14756,mr.,642
14711,royal,643
14705,put,644
14702,april,645
14695,workers,646
14692,goes,647
14639,american,648
14592,students,649
14592,despite,650
14586,knowledge,651
14580,june,652
14508,art,653
14489,let,654
14443,hair,655
14420,basis,656
14396,subject,657
14361,p.,658
14348,series,659
14293,natural,660
14211,coming,661
14203,come,662
14196,bad,663
14182,bank,664
14105,since,665
14100,feet,666
14087,greater,667
14053,south,668
13936,simple,669
13910,lot,670
13873,pay,671
13871,west,672
13852,rest,673
13828,secretary,674
13821,security,675
13799,manager,676
13790,hospital,677
13780,cost,678
13729,heart,679
13700,structure,680
13684,attention,681
13661,story,682
13629,&amp,683
13627,means,684
13626,nine,685
13589,letter,686
13584,questions,687
13570,need,688
13569,chapter,689
13554,field,690
13547,short,691
13542,become,692
13519,studies,693
13502,per,694
13492,movement,695
13425,6,696
13395,union,697
13392,success,698
13388,figure,699
13381,united,700
13376,1989,701
13337,everyone,702
13248,near,703
13236,whatever,704
13232,analysis,705
13223,news,706
13218,chance,707
13209,evening,708
13181,population,709
13158,boy,710
13144,modern,711
13139,20,712
13127,following,713
13117,theory,714
13103,legal,715
13089,computer,716
13084,scotland,717
13076,approach,718
13073,books,719
13058,final,720
13023,wrong,721
13014,finally,722
13011,ask,723
12997,give,724
12993,performance,725
12989,human,726
12972,off,727
12971,authorities,728
12966,environment,729
12962,please,730
12955,fire,731
12944,rights,732
12926,whom,733
12889,above,734
12888,relationship,735
12878,in_order,736
12826,told,737
12798,1991,738
12791,feel,739
12734,growth,740
12719,agreement,741
12699,parties,742
12695,account,743
12692,found,744
12689,nice,745
12663,size,746
12644,son,747
12629,held,748
12606,space,749
12550,amount,750
12539,property,751
12496,example,752
12487,project,753
12451,normal,754
12444,myself,755
12442,nor,756
12442,gon,757
12398,meeting,758
12383,set,759
12381,quickly,760
12379,feel,761
12368,record,762
12331,france,763
12316,behaviour,764
12315,left,765
12297,c,766
12286,previous,767
12268,only,768
12263,peter,769
12254,giving,770
12249,recently,771
12232,serious,772
12232,anyway,773
12202,couple,774
12195,energy,775
12192,sir,776
12176,term,777
12167,either,778
12148,director,779
12141,current,780
12134,st,781
12110,east,782
12102,12,783
12093,love,784
12073,significant,785
12051,put,786
12050,income,787
12002,leave,788
11987,building,789
11985,as_well,790
11949,pressure,791
11946,right,792
11894,levels,793
11892,treatment,794
11892,july,795
11872,north,796
11853,prime,797
11810,throughout,798
11798,model,799
11795,suddenly,800
11765,pounds,801
11759,choice,802
11756,away_from,803
11755,results,804
11730,scheme,805
11693,try,806
11685,fine,807
11675,details,808
11674,takes,809
11669,bring,810
11657,design,811
11649,happy,812
11644,list,813
11636,defence,814
11621,parts,815
11616,bit,816
11610,points,817
11605,red,818
11601,loss,819
11599,industrial,820
11598,got,821
11597,activities,822
11591,low,823
11545,floor,824
11537,generally,825
11527,issues,826
11513,used,827
11508,activity,828
11484,rates,829
11484,nearly,830
11473,become,831
11468,other,832
11443,march,833
11435,sorry,834
11413,30,835
11400,paul,836
11378,mean,837
11378,forward,838
11365,army,839
11350,talking,840
11335,difference,841
11334,hour,842
11324,labour,843
11302,summer,844
11300,specific,845
11276,outside,846
11255,numbers,847
11238,concerned,848
11222,husband,849
11218,lord,850
11202,relations,851
11190,following,852
11175,dr,853
11156,understand,854
11150,contract,855
11146,turned,856
11111,product,857
11096,ideas,858
11087,george,859
11084,material,860
11060,wall,861
11055,meet,862
11041,believe,863
11033,thank,864
11014,obviously,865
11011,unless,866
11010,appropriate,867
11005,teachers,868
11005,dead,869
10998,military,870
10948,season,871
10915,15,872
10911,look,873
10905,unit,874
10895,arms,875
10894,easy,876
10882,lower,877
10874,show,878
10860,basic,879
10833,find,880
10805,reasons,881
10803,successful,882
10779,colour,883
10772,play,884
10764,aware,885
10762,technology,886
10759,each_other,887
10753,effects,888
10746,yourself,889
10729,exactly,890
10705,beyond,891
10686,figures,892
10683,style,893
10676,7,894
10664,round,895
10651,date,896
10632,germany,897
10617,october,898
10601,products,899
10600,popular,900
10585,hear,901
10578,window,902
10558,science,903
10555,forces,904
10547,showed,905
10544,new,906
10524,more_than,907
10522,resources,908
10522,less,909
10511,once,910
10511,long,911
10485,sea,912
10484,looked,913
10472,maybe,914
10452,events,915
10435,gives,916
10431,advice,917
10417,circumstances,918
10408,above,919
10400,september,920
10400,de,921
10398,plan,922
10397,present,923
10387,event,924
10375,hon.,925
10373,thousand,926
10349,set,927
10336,training,928
10334,stood,929
10333,picture,930
10326,sales,931
10322,1988,932
10310,village,933
10301,original,934
10297,america,935
10263,called,936
10240,1992,937
10224,investment,938
10217,oil,939
10179,thinking,940
10177,cup,941
10172,lines,942
10163,january,943
10145,believe,944
10143,james,945
10140,okay,946
10134,goods,947
10133,blood,948
10120,opportunity,949
10115,like,950
10071,useful,951
10067,prices,952
10055,professional,953
10054,conference,954
10039,follows,955
10036,extent,956
10032,interests,957
10027,application,958
10020,page,959
10001,operation,960
9995,film,961
9993,richard,962
9993,in_terms_of,963
9982,response,964
9981,right,965
9971,ones,966
9965,majority,967
9957,rules,968
9952,shop,969
9951,effective,970
9932,press,971
9930,ah,972
9907,written,973
9903,york,974
9892,used,975
9890,move,976
9890,hard,977
9878,sat,978
9877,easily,979
9865,degree,980
9861,wrote,981
9854,statement,982
9844,around,983
9838,risk,984
9838,force,985
9836,miles,986
9834,capital,987
9831,economy,988
9823,means,989
9819,traditional,990
9817,site,991
9817,glass,992
9812,ready,993
9809,died,994
9781,president,995
9781,house,996
9763,street,997
9755,costs,998
9751,earlier,999
9738,playing,1000
9733,fish,1001
9729,stop,1002
9724,scottish,1003
9713,8,1004
9712,importance,1005
9708,remember,1006
9687,individual,1007
9663,test,1008
9660,complete,1009
9656,jobs,1010
9652,immediately,1011
9640,standards,1012
9634,work,1013
9626,until,1014
9624,talk,1015
9614,considerable,1016
9611,girls,1017
9610,ireland,1018
9607,asked,1019
9601,parliament,1020
9601,labour,1021
9582,interesting,1022
9564,physical,1023
9561,thought,1024
9555,species,1025
9553,little,1026
9538,thought,1027
9537,garden,1028
9533,title,1029
9516,michael,1030
9513,start,1031
9511,street,1032
9509,eye,1033
9499,access,1034
9479,help,1035
9474,brought,1036
9464,employment,1037
9451,buy,1038
9446,fell,1039
9443,daughter,1040
9437,remember,1041
9429,responsible,1042
9428,competition,1043
9427,tell,1044
9418,around,1045
9415,about,1046
9410,left,1047
9392,held,1048
9390,november,1049
9367,december,1050
9364,sunday,1051
9334,plans,1052
9334,medical,1053
9317,purpose,1054
9316,mouth,1055
9294,piece,1056
9268,wide,1057
9262,heavy,1058
9254,answer,1059
9243,tomorrow,1060
9240,leaving,1061
9238,11,1062
9234,thirty,1063
9214,use,1064
9205,needs,1065
9204,put,1066
9188,task,1067
9183,worth,1068
9183,wales,1069
9179,responsibility,1070
9179,doctor,1071
9170,later,1072
9155,arm,1073
9138,eventually,1074
9135,ability,1075
9132,highly,1076
9125,hotel,1077
9118,looks,1078
9096,pattern,1079
9091,method,1080
9088,source,1081
9074,existing,1082
9071,television,1083
9069,lost,1084
9069,election,1085
9059,ensure,1086
9057,baby,1087
9043,charles,1088
9042,a_lot,1089
9027,region,1090
9025,suppose,1091
9023,early,1092
9018,total,1093
9002,seem,1094
9002,change,1095
8993,surface,1096
8990,best,1097
8978,required,1098
8970,older,1099
8954,heard,1100
8953,methods,1101
8952,future,1102
8938,left,1103
8934,campaign,1104
8924,equipment,1105
8911,fully,1106
8905,disease,1107
8902,machine,1108
8898,lack,1109
8893,independent,1110
8873,slightly,1111
8851,software,1112
8849,hot,1113
8839,peace,1114
8839,charge,1115
8837,types,1116
8834,policies,1117
8833,let,1118
8829,houses,1119
8828,no_longer,1120
8814,due_to,1121
8801,hardly,1122
8801,direct,1123
8798,otherwise,1124
8791,left,1125
8784,directly,1126
8757,even_if,1127
8755,windows,1128
8748,stay,1129
8739,teacher,1130
8728,radio,1131
8724,forms,1132
8720,provision,1133
8702,factors,1134
8702,direction,1135
8686,trouble,1136
8676,ran,1137
8670,beautiful,1138
8669,leader,1139
8660,civil,1140
8655,officers,1141
8654,status,1142
8641,places,1143
8639,sound,1144
8631,allow,1145
8629,ii,1146
8626,character,1147
8623,wants,1148
8619,variety,1149
8617,considered,1150
8616,light,1151
8615,continue,1152
8609,safety,1153
8605,completely,1154
8599,tea,1155
8589,box,1156
8587,below,1157
8579,fifty,1158
8577,sector,1159
8568,animals,1160
8555,oxford,1161
8553,around,1162
8548,culture,1163
8537,weight,1164
8518,a_little,1165
8512,top,1166
8510,obvious,1167
8509,i,1168
8506,late,1169
8488,1987,1170
8470,increase,1171
8453,include,1172
8453,context,1173
8448,on_to,1174
8447,station,1175
8444,since,1176
8441,needs,1177
8440,none,1178
8437,turned,1179
8430,sale,1180
8420,afternoon,1181
8419,knows,1182
8403,produce,1183
8389,william,1184
8378,february,1185
8371,positive,1186
8369,king,1187
8366,top,1188
8364,provides,1189
8361,miss,1190
8342,essential,1191
8341,extra,1192
8335,training,1193
8327,live,1194
8322,condition,1195
8318,set,1196
8318,families,1197
8315,works,1198
8313,try,1199
8310,saturday,1200
8309,university,1201
8307,appeal,1202
8307,along,1203
8306,trees,1204
8300,sex,1205
8298,allowed,1206
8267,argument,1207
8265,normally,1208
8244,kitchen,1209
8238,brother,1210
8237,keep,1211
8212,demand,1212
8206,library,1213
8183,alone,1214
8182,principle,1215
8179,run,1216
8161,let's,1217
8150,north,1218
8143,for,1219
8141,pupils,1220
8138,start,1221
8138,chairman,1222
8125,cash,1223
8124,version,1224
8116,expected,1225
8113,states,1226
8107,hope,1227
8104,sun,1228
8103,league,1229
8086,as_to,1230
8081,involved,1231
8079,duty,1232
8077,county,1233
8077,18,1234
8057,rule,1235
8052,concern,1236
8050,environmental,1237
8048,presence,1238
8047,boys,1239
8045,truth,1240
8044,16,1241
8030,dog,1242
8022,french,1243
8015,board,1244
8014,courses,1245
8009,individuals,1246
7989,seem,1247
7987,blue,1248
7982,general,1249
7977,media,1250
7959,exchange,1251
7955,14,1252
7954,9,1253
7950,relevant,1254
7941,august,1255
7926,balance,1256
7921,robert,1257
7919,turn,1258
7919,1986,1259
7914,slowly,1260
7912,relatively,1261
7911,close,1262
7909,players,1263
7906,discussion,1264
7901,huge,1265
7892,paid,1266
7883,sure,1267
7880,letters,1268
7865,heard,1269
7863,budget,1270
7859,protection,1271
7858,marriage,1272
7849,road,1273
7840,i,1274
7837,collection,1275
7828,speech,1276
7828,south,1277
7821,smith,1278
7820,africa,1279
7812,born,1280
7803,differences,1281
7800,high,1282
7792,effort,1283
7787,gets,1284
7781,attempt,1285
7776,nuclear,1286
7764,survey,1287
7762,latter,1288
7762,failure,1289
7754,annual,1290
7745,practical,1291
7733,career,1292
7729,horse,1293
7729,features,1294
7719,light,1295
7717,chair,1296
7717,becomes,1297
7706,25,1298
7696,matters,1299
7696,apparently,1300
7685,turn,1301
7681,started,1302
7675,subjects,1303
7672,shares,1304
7665,text,1305
7658,appears,1306
7657,consider,1307
7645,student,1308
7641,separate,1309
7639,larger,1310
7635,cells,1311
7616,future,1312
7609,accept,1313
7602,function,1314
7596,merely,1315
7592,plus,1316
7588,memory,1317
7585,studio,1318
7572,involved,1319
7561,regular,1320
7556,13,1321
7555,provided,1322
7535,a_little,1323
7529,decisions,1324
7525,little,1325
7520,call,1326
7516,opposition,1327
7514,facilities,1328
7511,commercial,1329
7505,running,1330
7504,bar,1331
7497,cars,1332
7496,skills,1333
7496,firms,1334
7495,post,1335
7495,mhm,1336
7486,after,1337
7478,edge,1338
7476,built,1339
7461,image,1340
7456,politics,1341
7455,reference,1342
7446,aid,1343
7444,show,1344
7441,organisation,1345
7437,instead,1346
7433,putting,1347
7422,expression,1348
7417,award,1349
7403,influence,1350
7398,quarter,1351
7390,no_one,1352
7389,association,1353
7388,award,1354
7377,public,1355
7367,opinion,1356
7364,additional,1357
7359,1985,1358
7355,benefit,1359
7350,largely,1360
7343,for_instance,1361
7338,advantage,1362
7333,late,1363
7317,benefits,1364
7316,somebody,1365
7314,western,1366
7309,happen,1367
7301,smaller,1368
7299,pain,1369
7291,gas,1370
7291,aspects,1371
7290,active,1372
7282,names,1373
7281,scale,1374
7278,university,1375
7274,early,1376
7271,officer,1377
7271,clothes,1378
7261,stock,1379
7261,plant,1380
7258,affairs,1381
7254,views,1382
7246,impact,1383
7236,nevertheless,1384
7234,leaders,1385
7231,regional,1386
7221,base,1387
7217,deal,1388
7214,complex,1389
7213,powerful,1390
7211,possibly,1391
7203,speaker,1392
7192,where,1393
7190,share,1394
7180,carefully,1395
7177,corner,1396
7176,plants,1397
7175,described,1398
7172,lives,1399
7171,told,1400
7171,length,1401
7170,race,1402
7161,telephone,1403
7161,round,1404
7141,foot,1405
7136,values,1406
7131,river,1407
7121,mary,1408
7103,possibility,1409
7103,followed,1410
7099,drawn,1411
7097,speak,1412
7077,strength,1413
7077,examples,1414
7072,tried,1415
7065,mainly,1416
7064,carry,1417
7062,commission,1418
7060,visit,1419
7055,round,1420
7055,insurance,1421
7053,units,1422
7050,currently,1423
7045,ball,1424
7043,inside,1425
7036,impossible,1426
7026,somewhere,1427
7021,sitting,1428
7019,skin,1429
7002,confidence,1430
7001,develop,1431
7000,carried,1432
6985,wind,1433
6971,whole,1434
6965,legislation,1435
6963,bodies,1436
6958,message,1437
6958,hold,1438
6958,enough,1439
6957,write,1440
6952,shows,1441
6948,earlier,1442
6941,holiday,1443
6937,spoke,1444
6936,100,1445
6926,railway,1446
6924,stone,1447
6924,smiled,1448
6915,sent,1449
6910,sexual,1450
6907,edward,1451
6906,thought,1452
6899,network,1453
6899,attack,1454
6893,ordinary,1455
6893,for,1456
6892,entirely,1457
6890,expect,1458
6875,lay,1459
6873,previously,1460
6856,tonight,1461
6849,actual,1462
6845,cause,1463
6844,difficulties,1464
6828,proposals,1465
6827,whole,1466
6814,extremely,1467
6810,fresh,1468
6804,scene,1469
6796,ministers,1470
6793,materials,1471
6782,speed,1472
6776,solution,1473
6769,dark,1474
6767,in_particular,1475
6764,article,1476
6762,credit,1477
6759,includes,1478
6757,changed,1479
6752,thomas,1480
6752,distance,1481
6747,very,1482
6745,50,1483
6743,banks,1484
6732,customers,1485
6730,include,1486
6729,items,1487
6722,band,1488
6721,internal,1489
6720,suggests,1490
6717,excellent,1491
6702,fairly,1492
6701,technical,1493
6700,interested,1494
6695,domestic,1495
6687,a_bit,1496
6678,his,1497
6677,produced,1498
6676,beginning,1499
6672,lead,1500
6669,working,1501
6666,crime,1502
6666,avoid,1503
6659,sources,1504
6657,a_bit,1505
6655,traffic,1506
6652,hard,1507
6634,introduction,1508
6634,increasingly,1509
6634,explain,1510
6632,forty,1511
6631,administration,1512
6629,animal,1513
6628,sir,1514
6607,sister,1515
6607,mum,1516
6595,step,1517
6593,planning,1518
6592,existence,1519
6592,executive,1520
6576,twelve,1521
6572,added,1522
6570,remains,1523
6561,steps,1524
6558,soviet,1525
6553,equally,1526
6548,phone,1527
6547,records,1528
6546,brought,1529
6543,cultural,1530
6540,winter,1531
6537,create,1532
6536,users,1533
6535,remained,1534
6534,offer,1535
6534,apart_from,1536
6527,becoming,1537
6525,institutions,1538
6523,in_front_of,1539
6522,rich,1540
6514,lady,1541
6511,male,1542
6507,legs,1543
6504,proper,1544
6498,powers,1545
6495,24,1546
6485,famous,1547
6476,religious,1548
6473,spirit,1549
6465,tv,1550
6464,primary,1551
6461,trial,1552
6461,developed,1553
6452,relief,1554
6444,progress,1555
6442,straight,1556
6438,programmes,1557
6438,cold,1558
6436,formal,1559
6432,sight,1560
6432,s,1561
6431,move,1562
6427,coffee,1563
6426,past,1564
6421,prison,1565
6421,follow,1566
6420,review,1567
6415,concept,1568
6410,watching,1569
6404,elements,1570
6399,accident,1571
6392,will,1572
6392,look,1573
6390,earth,1574
6386,reality,1575
6386,leave,1576
6384,appear,1577
6383,hard,1578
6382,ask,1579
6371,tree,1580
6371,strange,1581
6362,read,1582
6361,papers,1583
6359,unable,1584
6358,warm,1585
6352,surely,1586
6340,firm,1587
6338,p,1588
6333,difficulty,1589
6331,latest,1590
6327,run,1591
6326,past,1592
6324,17,1593
6316,support,1594
6316,sides,1595
6314,d,1596
6314,assessment,1597
6309,ahead,1598
6306,proportion,1599
6294,dinner,1600
6293,distribution,1601
6285,before,1602
6282,win,1603
6280,weekend,1604
6274,meaning,1605
6271,half,1606
6263,lovely,1607
6260,wine,1608
6260,usual,1609
6258,worse,1610
6258,rural,1611
6258,buildings,1612
6255,wish,1613
6254,twice,1614
6254,applications,1615
6253,henry,1616
6253,factor,1617
6252,equal,1618
6246,inc,1619
6245,to,1620
6245,path,1621
6237,fund,1622
6236,whereas,1623
6231,stuff,1624
6229,nobody,1625
6226,&formula,1626
6222,substantial,1627
6222,funds,1628
6219,northern,1629
6209,reasonable,1630
6208,onto,1631
6204,learn,1632
6200,aircraft,1633
6197,games,1634
6170,background,1635
6164,officials,1636
6158,strategy,1637
6157,works,1638
6154,prepared,1639
6148,achieve,1640
6145,soft,1641
6145,president,1642
6142,top,1643
6133,transport,1644
6131,battle,1645
6124,smile,1646
6124,joint,1647
6122,asked,1648
6113,contrast,1649
6110,sort_of,1650
6110,needed,1651
6109,communication,1652
6107,immediate,1653
6106,grounds,1654
6101,seat,1655
6100,play,1656
6094,stand,1657
6094,fourth,1658
6091,paris,1659
6090,safe,1660
6087,client,1661
6084,everybody,1662
6082,debate,1663
6077,suitable,1664
6077,ought,1665
6073,future,1666
6067,set,1667
6064,e,1668
6063,manner,1669
6061,return,1670
6060,homes,1671
6060,german,1672
6057,prevent,1673
6052,french,1674
6050,moving,1675
6047,measures,1676
6047,classes,1677
6042,freedom,1678
6039,operations,1679
6038,selection,1680
6038,human,1681
6037,while,1682
6033,read,1683
6032,requirements,1684
6032,pair,1685
6016,danger,1686
6014,walls,1687
6013,user,1688
6011,felt,1689
6001,compared,1690
5978,relationships,1691
5974,edinburgh,1692
5974,due,1693
5967,afraid,1694
5966,japan,1695
5964,feeling,1696
5957,attitude,1697
5951,led,1698
5948,pound,1699
5946,sign,1700
5944,elections,1701
5936,goal,1702
5936,caused,1703
5932,techniques,1704
5929,train,1705
5917,sufficient,1706
5917,claim,1707
5894,even_though,1708
5885,sell,1709
5884,states,1710
5880,democratic,1711
5874,through,1712
5868,match,1713
5867,unemployment,1714
5867,ec,1715
5866,reduce,1716
5855,capacity,1717
5854,provide,1718
5854,achieved,1719
5852,fig.,1720
5852,along,1721
5847,detailed,1722
5846,expensive,1723
5844,together_with,1724
5844,=,1725
5841,construction,1726
5841,all_right,1727
5839,whilst,1728
5838,showing,1729
5837,managers,1730
5836,happens,1731
5835,video,1732
5833,employees,1733
5832,supply,1734
5828,increase,1735
5827,patterns,1736
5822,present,1737
5820,join,1738
5820,1984,1739
5817,christian,1740
5813,purposes,1741
5812,opportunities,1742
5812,asking,1743
5807,totally,1744
5807,procedure,1745
5807,mark,1746
5803,mental,1747
5799,scientific,1748
5799,frequently,1749
5798,writing,1750
5796,football,1751
5792,individual,1752
5790,weather,1753
5785,beside,1754
5782,absolutely,1755
5780,arrangements,1756
5780,absence,1757
5779,sentence,1758
5778,largest,1759
5778,damage,1760
5777,park,1761
5777,district,1762
5776,fingers,1763
5768,sites,1764
5764,received,1765
5763,detail,1766
5763,critical,1767
5761,past,1768
5748,below,1769
5743,established,1770
5740,open,1771
5731,decided,1772
5730,dangerous,1773
5727,minute,1774
5725,courts,1775
5721,college,1776
5721,card,1777
5720,senior,1778
5718,exercise,1779
5712,1983,1780
5711,understanding,1781
5711,rise,1782
5710,educational,1783
5709,reported,1784
5708,by,1785
5706,partly,1786
5705,reports,1787
5704,familiar,1788
5699,seriously,1789
5695,principles,1790
5693,keeping,1791
5684,elsewhere,1792
5682,fear,1793
5681,recognition,1794
5675,return,1795
5671,walked,1796
5670,necessarily,1797
5668,live,1798
5667,properly,1799
5665,kept,1800
5660,1993,1801
5659,track,1802
5655,output,1803
5653,crisis,1804
5653,40,1805
5652,held,1806
5649,unlikely,1807
5648,met,1808
5648,happened,1809
5646,fields,1810
5645,right,1811
5643,1981,1812
5641,correct,1813
5633,led,1814
5631,commitment,1815
5628,regarded,1816
5622,21,1817
5618,rock,1818
5617,rain,1819
5616,victory,1820
5615,living,1821
5611,hall,1822
5610,widely,1823
5601,carrying,1824
5595,meeting,1825
5594,efforts,1826
5593,element,1827
5589,silence,1828
5581,holding,1829
5577,offer,1830
5576,though,1831
5574,perfect,1832
5573,target,1833
5571,notes,1834
5564,increasing,1835
5564,darlington,1836
5563,labour,1837
5560,pieces,1838
5552,colleagues,1839
5551,bill,1840
5540,friday,1841
5530,pp.,1842
5528,apply,1843
5521,closely,1844
5518,rooms,1845
5518,cell,1846
5517,liverpool,1847
5509,expenditure,1848
5500,birds,1849
5497,charges,1850
5480,telling,1851
5480,audience,1852
5478,reaction,1853
5477,neck,1854
5471,thousands,1855
5469,build,1856
5466,conversation,1857
5463,historical,1858
5460,seeing,1859
5457,tiny,1860
5457,note,1861
5454,improve,1862
5449,congress,1863
5447,shape,1864
5447,consideration,1865
5442,city,1866
5442,bright,1867
5437,appearance,1868
5436,1979,1869
5435,killed,1870
5432,conflict,1871
5424,option,1872
5422,profits,1873
5421,no_doubt,1874
5417,processes,1875
5416,board,1876
5414,as_far_as,1877
5410,estate,1878
5407,appeared,1879
5404,started,1880
5399,threat,1881
5394,king,1882
5393,boat,1883
5391,violence,1884
5390,profit,1885
5387,thanks,1886
5382,upper,1887
5382,empty,1888
5376,rose,1889
5368,as_though,1890
5367,deal,1891
5363,turning,1892
5363,key,1893
5361,volume,1894
5360,feature,1895
5349,meetings,1896
5347,emphasis,1897
5344,urban,1898
5344,assembly,1899
5337,feelings,1900
5336,become,1901
5335,organization,1902
5333,leg,1903
5332,fifteen,1904
5331,22,1905
5329,designed,1906
5327,ian,1907
5324,dark,1908
5322,introduced,1909
5320,obtained,1910
5315,19,1911
5313,contribution,1912
5306,apparent,1913
5303,happened,1914
5300,decided,1915
5295,quiet,1916
5293,procedures,1917
5292,reach,1918
5291,dry,1919
5290,martin,1920
5286,monday,1921
5284,contact,1922
5275,described,1923
5275,arts,1924
5274,occasion,1925
5271,second,1926
5271,facts,1927
5270,requires,1928
5270,except,1929
5269,player,1930
5268,membership,1931
5264,younger,1932
5256,route,1933
5254,needed,1934
5251,shook,1935
5250,payment,1936
5249,front,1937
5246,institute,1938
5242,spend,1939
5241,pleasure,1940
5237,past,1941
5232,1980,1942
5227,t,1943
5227,neither,1944
5226,cabinet,1945
5226,alan,1946
5221,murder,1947
5218,deep,1948
5218,careful,1949
5218,bus,1950
5217,remain,1951
5211,replied,1952
5210,literature,1953
5210,leading,1954
5208,front,1955
5207,walking,1956
5206,offered,1957
5204,branch,1958
5196,heat,1959
5187,show,1960
5184,faith,1961
5183,hope,1962
5181,island,1963
5180,wait,1964
5178,dad,1965
5172,farm,1966
5171,set,1967
5166,aye,1968
5164,liberal,1969
5162,1982,1970
5159,driver,1971
5156,entry,1972
5155,along,1973
5154,eat,1974
5152,attractive,1975
5146,limited,1976
5146,call,1977
5143,investigation,1978
5137,planning,1979
5136,needed,1980
5131,breath,1981
5130,continued,1982
5128,subject_to,1983
5127,fair,1984
5124,pictures,1985
5123,birth,1986
5121,general,1987
5117,met,1988
5117,description,1989
5116,agreed,1990
5115,prove,1991
5111,wood,1992
5110,developments,1993
5107,tend,1994
5106,send,1995
5103,projects,1996
5100,sit,1997
5100,receive,1998
5100,claimed,1999
5098,vital,2000
5097,spring,2001
5092,greatest,2002
5091,accounts,2003
5090,curriculum,2004
5090,created,2005
5088,belief,2006
5087,italy,2007
5087,conclusion,2008
5081,turned,2009
5073,coal,2010
5072,along_with,2011
5067,31,2012
5066,ltd,2013
5060,growing,2014
5058,heads,2015
5049,lead,2016
5048,thin,2017
5048,effectively,2018
5047,etc,2019
5040,notice,2020
5036,moved,2021
5036,gentleman,2022
5034,west,2023
5034,irish,2024
5032,lips,2025
5032,hell,2026
5031,required,2027
5031,document,2028
5025,division,2029
5017,newspaper,2030
5016,copy,2031
5013,far,2032
5012,object,2033
5012,exhibition,2034
5011,manchester,2035
5008,shops,2036
5007,work,2037
5007,treaty,2038
5005,engine,2039
5004,usa,2040
5000,owner,2041
5000,jack,2042
4998,tradition,2043
4998,published,2044
4998,lunch,2045
4996,package,2046
4992,flowers,2047
4991,v.,2048
4989,major,2049
4983,russian,2050
4982,standard,2051
4981,tony,2052
4980,depends,2053
4975,28,2054
4973,elderly,2055
4973,broke,2056
4964,australia,2057
4962,level,2058
4956,sky,2059
4956,company,2060
4955,tom,2061
4952,anybody,2062
4946,external,2063
4943,green,2064
4943,capable,2065
4942,united,2066
4941,streets,2067
4941,models,2068
4934,orders,2069
4925,reform,2070
4918,generation,2071
4917,beneath,2072
4914,waiting,2073
4912,organisations,2074
4910,desire,2075
4907,starting,2076
4907,spent,2077
4899,providing,2078
4898,wider,2079
4896,kept,2080
4890,busy,2081
4890,ancient,2082
4884,wonderful,2083
4882,horses,2084
4882,functions,2085
4882,decide,2086
4880,place,2087
4879,broad,2088
4872,about,2089
4869,treated,2090
4864,raise,2091
4862,god,2092
4861,clients,2093
4861,agreed,2094
4860,e.g.,2095
4858,reached,2096
4857,stephen,2097
4853,iii,2098
4845,begin,2099
4844,through,2100
4843,tour,2101
4843,forced,2102
4841,plenty,2103
4840,and_so_on,2104
4840,actions,2105
4837,said,2106
4834,longer,2107
4833,narrow,2108
4832,entire,2109
4831,bag,2110
4831,aim,2111
4829,secondary,2112
4827,definition,2113
4826,acid,2114
4824,bringing,2115
4824,atmosphere,2116
4822,welfare,2117
4821,doubt,2118
4820,standing,2119
4820,moved,2120
4816,laws,2121
4815,typical,2122
4813,meanwhile,2123
4813,examination,2124
4812,troops,2125
4806,doors,2126
4800,demands,2127
4798,partner,2128
4798,debt,2129
4798,call,2130
4796,very,2131
4787,milk,2132
4783,middle,2133
4783,address,2134
4781,x,2135
4780,dealing,2136
4778,hence,2137
4777,attitudes,2138
4775,ibm,2139
4772,at_first,2140
4771,lose,2141
4771,23,2142
4768,reduction,2143
4768,ended,2144
4765,criticism,2145
4757,stories,2146
4753,billion,2147
4752,teeth,2148
4751,explanation,2149
4751,alright,2150
4747,included,2151
4745,centres,2152
4739,schemes,2153
4738,nodded,2154
4738,housing,2155
4736,visitors,2156
4736,nineteen,2157
4735,worked,2158
4734,under,2159
4734,potential,2160
4734,as_soon_as,2161
4732,challenge,2162
4731,governments,2163
4729,included,2164
4721,passed,2165
4720,official,2166
4719,goals,2167
4718,vast,2168
4718,india,2169
4711,creation,2170
4709,intention,2171
4708,master,2172
4705,little,2173
4702,christmas,2174
4700,forest,2175
4695,journey,2176
4695,chosen,2177
4694,r,2178
4694,form,2179
4692,northern,2180
4690,bill,2181
4688,christ,2182
4687,screen,2183
4687,readers,2184
4686,leadership,2185
4686,establish,2186
4685,flight,2187
4681,tests,2188
4676,thoughts,2189
4675,kinds,2190
4673,surprise,2191
4673,hall,2192
4669,engineering,2193
4667,farmers,2194
4666,fall,2195
4663,significance,2196
4662,control,2197
4656,o'clock,2198
4651,rare,2199
4647,via,2200
4642,least,2201
4639,in_relation_to,2202
4638,somewhat,2203
4637,support,2204
4635,drew,2205
4633,key,2206
4632,biggest,2207
4631,museum,2208
4628,sections,2209
4628,phase,2210
4624,terrible,2211
4622,inside,2212
4621,read,2213
4619,metal,2214
4616,technique,2215
4616,motion,2216
4615,moved,2217
4612,unfortunately,2218
4611,put,2219
4609,save,2220
4607,severe,2221
4606,factory,2222
4597,wild,2223
4596,agree,2224
4595,speaking,2225
4594,suggest,2226
4593,contains,2227
4590,strongly,2228
4590,east,2229
4585,laughed,2230
4583,v,2231
4580,bloody,2232
4579,park,2233
4579,corporate,2234
4574,brain,2235
4573,i.e.,2236
4565,ooh,2237
4561,court,2238
4560,sold,2239
4560,knowing,2240
4558,tall,2241
4558,rapidly,2242
4555,protect,2243
4553,southern,2244
4553,low,2245
4552,harry,2246
4552,amongst,2247
4544,worst,2248
4544,afterwards,2249
4543,signs,2250
4541,criminal,2251
4539,jones,2252
4535,injury,2253
4535,chief,2254
4531,discuss,2255
4530,permanent,2256
4529,appear,2257
4527,respect,2258
4523,act,2259
4522,leeds,2260
4515,ourselves,2261
4513,desk,2262
4510,used,2263
4507,unions,2264
4507,shoulder,2265
4506,brief,2266
4505,hole,2267
4505,break,2268
4504,fundamental,2269
4502,similarly,2270
4501,implications,2271
4498,associated,2272
4492,originally,2273
4492,brian,2274
4490,funny,2275
4489,wondered,2276
4488,carried,2277
4486,noise,2278
4485,suggested,2279
4483,somehow,2280
4483,payments,2281
4482,double,2282
4481,andrew,2283
4480,worked,2284
4479,grew,2285
4478,odd,2286
4474,customer,2287
4471,inner,2288
4471,broken,2289
4467,cold,2290
4467,affected,2291
4464,un,2292
4462,spain,2293
4462,crucial,2294
4461,reached,2295
4461,machines,2296
4461,cover,2297
4460,structures,2298
4459,that,2299
4459,independence,2300
4458,chris,2301
4457,bridge,2302
4454,front,2303
4453,seats,2304
4449,constant,2305
4449,combination,2306
4445,in_addition,2307
4441,won,2308
4441,star,2309
4439,perfectly,2310
4435,maintain,2311
4431,settlement,2312
4424,at_last,2313
4423,justice,2314
4421,beginning,2315
4416,consequences,2316
4415,played,2317
4413,run,2318
4409,lot,2319
4409,leading,2320
4407,session,2321
4406,wednesday,2322
4406,add,2323
4405,finding,2324
4403,act,2325
4401,lying,2326
4399,appointment,2327
4398,virtually,2328
4398,green,2329
4392,started,2330
4390,doctors,2331
4388,movements,2332
4385,sports,2333
4384,anne,2334
4382,yorkshire,2335
4381,placed,2336
4380,fashion,2337
4379,temperature,2338
4379,drugs,2339
4379,academic,2340
4375,26,2341
4374,societies,2342
4373,consumer,2343
4372,nation,2344
4372,finance,2345
4371,initial,2346
4366,drink,2347
4363,search,2348
4363,motor,2349
4363,afford,2350
4361,accepted,2351
4360,massive,2352
4358,pool,2353
4358,dogs,2354
4356,transfer,2355
4356,offices,2356
4353,feeling,2357
4352,youth,2358
4352,unique,2359
4352,steve,2360
4352,aspect,2361
4351,sixty,2362
4346,objectives,2363
4346,interpretation,2364
4346,author,2365
4346,agent,2366
4345,understand,2367
4344,vote,2368
4344,sample,2369
4344,brought,2370
4344,back,2371
4344,assistance,2372
4343,patient,2373
4339,file,2374
4339,directors,2375
4337,parliamentary,2376
4336,lights,2377
4334,joe,2378
4333,unknown,2379
4329,walk,2380
4329,grey,2381
4329,badly,2382
4327,moreover,2383
4327,industries,2384
4321,27,2385
4320,suggest,2386
4318,russia,2387
4318,quick,2388
4318,jim,2389
4309,crowd,2390
4308,that_is,2391
4303,subsequent,2392
4303,built,2393
4300,sport,2394
4300,finished,2395
4297,other_than,2396
4297,covered,2397
4294,iron,2398
4292,objects,2399
4285,meant,2400
4284,pages,2401
4279,minor,2402
4276,simon,2403
4269,total,2404
4269,contemporary,2405
4267,nose,2406
4263,meal,2407
4263,cause,2408
4258,ship,2409
4257,reduced,2410
4257,practices,2411
4257,learning,2412
4254,colours,2413
4254,alive,2414
4252,negative,2415
4252,female,2416
4251,agency,2417
4250,involving,2418
4248,wearing,2419
4241,departments,2420
4241,begun,2421
4240,shoulders,2422
4240,italian,2423
4239,yours,2424
4238,designed,2425
4236,opened,2426
4234,bedroom,2427
4233,proceedings,2428
4233,guilty,2429
4233,beauty,2430
4232,pretty,2431
4229,o,2432
4229,late,2433
4226,angry,2434
4225,jane,2435
4223,sequence,2436
4223,building,2437
4222,impression,2438
4221,called,2439
4212,union,2440
4212,tone,2441
4212,eastern,2442
4211,choose,2443
4209,graham,2444
4203,cities,2445
4202,sheet,2446
4202,regulations,2447
4201,inflation,2448
4200,glasgow,2449
4199,documents,2450
4199,discussed,2451
4198,cut,2452
4196,enormous,2453
4194,enterprise,2454
4192,identify,2455
4192,fuel,2456
4190,rarely,2457
4190,mike,2458
4190,employers,2459
4189,improvement,2460
4187,average,2461
4186,tape,2462
4186,ninety,2463
4185,trust,2464
4183,allowed,2465
4182,regions,2466
4179,significantly,2467
4177,j.,2468
4174,determined,2469
4172,naturally,2470
4166,involvement,2471
4164,increased,2472
4158,kids,2473
4157,tears,2474
4155,increased,2475
4153,contracts,2476
4151,pick,2477
4149,accommodation,2478
4148,mine,2479
4147,roof,2480
4143,communities,2481
4142,face,2482
4140,quietly,2483
4140,provisions,2484
4139,unix,2485
4139,grass,2486
4136,statements,2487
4136,nations,2488
4132,allows,2489
4129,presented,2490
4127,shock,2491
4127,60,2492
4126,in_general,2493
4121,christmas,2494
4119,fruit,2495
4118,unusual,2496
4118,revolution,2497
4115,gold,2498
4113,teaching,2499
4113,raised,2500
4112,pension,2501
4109,n,2502
4109,draw,2503
4108,stages,2504
4108,claims,2505
4107,properties,2506
4105,anywhere,2507
4104,mind,2508
4103,long-term,2509
4101,code,2510
4098,date,2511
4097,seconds,2512
4096,measure,2513
4092,vehicle,2514
4092,spot,2515
4092,pay,2516
4087,stared,2517
4086,distinction,2518
4083,bbc,2519
4080,release,2520
4079,heavily,2521
4078,extensive,2522
4077,lots,2523
4077,bottle,2524
4074,love,2525
4072,revenue,2526
4072,h,2527
4070,consider,2528
4070,bob,2529
4068,glad,2530
4066,forget,2531
4063,vision,2532
4063,start,2533
4058,friendly,2534
4058,artist,2535
4055,costs,2536
4053,sum,2537
4052,plastic,2538
4051,pass,2539
4051,highest,2540
4050,row,2541
4049,cover,2542
4049,breakfast,2543
4047,artists,2544
4046,crown,2545
4045,housing,2546
4044,m,2547
4042,won,2548
4042,opened,2549
4042,continued,2550
4041,at_once,2551
4040,writing,2552
4040,proposal,2553
4039,answer,2554
4038,association,2555
4037,clean,2556
4033,lost,2557
4030,location,2558
4030,gently,2559
4028,market,2560
4021,relative,2561
4021,cut,2562
4020,imagine,2563
4019,tried,2564
4016,slow,2565
4016,open,2566
4012,watch,2567
4009,soviet,2568
4008,lucky,2569
4006,29,2570
4004,periods,2571
4001,maintenance,2572
4001,hundreds,2573
3999,persons,2574
3999,display,2575
3997,establishment,2576
3995,end,2577
3994,song,2578
3992,jesus,2579
3990,worry,2580
3990,college,2581
3986,towns,2582
3984,efficient,2583
3980,encourage,2584
3979,outside,2585
3979,index,2586
3979,decided,2587
3978,continues,2588
3972,weapons,2589
3972,bottom,2590
3970,passage,2591
3969,total,2592
3966,wilson,2593
3963,occasionally,2594
3961,philip,2595
3960,firmly,2596
3959,formation,2597
3959,drug,2598
3957,comfortable,2599
3952,believes,2600
3950,identity,2601
3941,abroad,2602
3933,countryside,2603
3931,obtain,2604
3929,added,2605
3928,mostly,2606
3924,sudden,2607
3923,brown,2608
3921,soil,2609
3920,write,2610
3920,ref,2611
3919,approval,2612
3918,concentration,2613
3917,autumn,2614
3916,teams,2615
3916,conventional,2616
3915,criteria,2617
3912,magazine,2618
3910,standard,2619
3908,brown,2620
3906,enable,2621
3901,european,2622
3900,enjoy,2623
3897,times,2624
3896,willing,2625
3896,followed,2626
3895,markets,2627
3894,voluntary,2628
3893,cards,2629
3889,selling,2630
3888,editor,2631
3885,characters,2632
3884,thinks,2633
3883,valuable,2634
3881,followed,2635
3880,division,2636
3879,theatre,2637
3878,starts,2638
3878,situations,2639
3877,short,2640
3873,program,2641
3871,regularly,2642
3871,living,2643
3870,stars,2644
3868,spokesman,2645
3867,returned,2646
3867,led,2647
3866,remaining,2648
3864,stopped,2649
3863,tried,2650
3863,household,2651
3862,occasions,2652
3859,appeared,2653
3858,agriculture,2654
3857,replaced,2655
3852,duties,2656
3849,announced,2657
3846,touch,2658
3846,reader,2659
3844,guide,2660
3841,losses,2661
3841,judge,2662
3840,talks,2663
3840,intended,2664
3839,error,2665
3837,reported,2666
3837,dramatic,2667
3835,produced,2668
3835,golden,2669
3833,temporary,2670
3833,arguments,2671
3831,living,2672
3830,close,2673
3829,african,2674
3828,shortly,2675
3828,lies,2676
3825,read,2677
3825,decline,2678
3824,initially,2679
3823,eighty,2680
3820,firm,2681
3816,pub,2682
3816,framework,2683
3815,recovery,2684
3815,loan,2685
3815,add,2686
3805,as_long_as,2687
3801,japanese,2688
3801,cat,2689
3800,rail,2690
3800,margaret,2691
3799,chest,2692
3798,silent,2693
3793,require,2694
3793,control,2695
3792,theme,2696
3788,eleven,2697
3786,bring,2698
3782,video-taped,2699
3778,remain,2700
3777,coming,2701
3775,th,2702
3774,married,2703
3774,item,2704
3774,characteristics,2705
3770,watched,2706
3766,yellow,2707
3765,options,2708
3762,keen,2709
3760,liability,2710
3760,clubs,2711
3758,electricity,2712
3755,specifically,2713
3755,light,2714
3754,agents,2715
3752,owners,2716
3751,reports,2717
3751,meant,2718
3748,statutory,2719
3745,federal,2720
3745,failed,2721
3744,overall,2722
3743,religion,2723
3743,positions,2724
3742,paid,2725
3741,deeply,2726
3740,writer,2727
3736,wealth,2728
3736,felt,2729
3736,coast,2730
3731,received,2731
3730,lewis,2732
3730,1978,2733
3728,height,2734
3727,parent,2735
3724,decade,2736
3723,out,2737
3723,interview,2738
3722,thursday,2739
3722,care,2740
3721,applied,2741
3720,publication,2742
3720,expected,2743
3719,v,2744
3719,rather_than,2745
3719,bread,2746
3717,resistance,2747
3716,ice,2748
3716,chief,2749
3715,cancer,2750
3714,representatives,2751
3713,eggs,2752
3711,reputation,2753
3710,cope,2754
3706,democracy,2755
3706,bank,2756
3704,capital,2757
3702,roads,2758
3698,lifespan,2759
3697,stress,2760
3695,used,2761
3695,offence,2762
3694,subject,2763
3694,conservative,2764
3693,wages,2765
3693,recession,2766
3693,expect,2767
3688,panel,2768
3687,tasks,2769
3687,stations,2770
3679,dress,2771
3677,subsequently,2772
3677,struggle,2773
3676,border,2774
3675,care,2775
3673,forgotten,2776
3672,1977,2777
3669,n,2778
3668,paying,2779
3668,bought,2780
3667,tells,2781
3666,deputy,2782
3666,completed,2783
3665,yards,2784
3665,kill,2785
3665,candidate,2786
3661,agencies,2787
3660,alternative,2788
3660,allowing,2789
3659,trip,2790
3659,theories,2791
3659,candidates,2792
3656,now_that,2793
3654,gradually,2794
3652,grown,2795
3652,china,2796
3651,negotiations,2797
3651,german,2798
3648,notion,2799
3648,lived,2800
3648,co-operation,2801
3647,initiative,2802
3647,acceptable,2803
3646,competitive,2804
3645,offering,2805
3645,cambridge,2806
3644,stairs,2807
3644,grow,2808
3642,shoes,2809
3639,outcome,2810
3636,sensitive,2811
3635,foundation,2812
3633,caught,2813
3631,representation,2814
3631,essentially,2815
3631,drove,2816
3630,businesses,2817
3629,turn,2818
3627,taylor,2819
3624,easier,2820
3622,supporters,2821
3621,belfast,2822
3618,ta,2823
3612,containing,2824
3611,assets,2825
3610,visit,2826
3610,elizabeth,2827
3609,delivery,2828
3608,seek,2829
3608,global,2830
3608,announced,2831
3607,once_again,2832
3607,aside,2833
3606,chain,2834
3605,ring,2835
3605,g,2836
3602,ministry,2837
3602,fall,2838
3598,meat,2839
3594,sent,2840
3593,victim,2841
3592,provided,2842
3592,expansion,2843
3590,supported,2844
3590,flow,2845
3588,et_al,2846
3588,dream,2847
3587,lee,2848
3583,teaching,2849
3583,sit,2850
3583,emotional,2851
3583,agree,2852
3582,individual,2853
3582,1976,2854
3581,fifth,2855
3579,drive,2856
3576,identified,2857
3575,parish,2858
3575,advance,2859
3571,weak,2860
3571,adequate,2861
3570,resolution,2862
3569,writers,2863
3569,hill,2864
3568,use,2865
3568,tuesday,2866
3568,instructions,2867
3567,partners,2868
3566,closed,2869
3566,alright,2870
3563,centuries,2871
3558,images,2872
3558,computers,2873
3555,facing,2874
3553,sharp,2875
3552,pale,2876
3552,in_favour_of,2877
3552,figure,2878
3551,acting,2879
3549,furniture,2880
3549,bigger,2881
3548,soldiers,2882
3548,administrative,2883
3547,wooden,2884
3546,efficiency,2885
3544,healthy,2886
3540,frank,2887
3540,block,2888
3535,sees,2889
3533,adam,2890
3532,enter,2891
3531,luke,2892
3531,formed,2893
3530,serve,2894
3530,pocket,2895
3530,hello,2896
3530,easy,2897
3528,fallen,2898
3528,arrived,2899
3527,newspapers,2900
3525,remarkable,2901
3525,mistake,2902
3524,request,2903
3523,lost,2904
3519,seeking,2905
3516,talk,2906
3516,scientists,2907
3515,map,2908
3514,used,2909
3510,extension,2910
3508,restaurant,2911
3508,churches,2912
3507,played,2913
3506,listening,2914
3506,apart,2915
3504,worker,2916
3498,brilliant,2917
3497,diet,2918
3496,tired,2919
3496,connection,2920
3496,200,2921
3494,link,2922
3492,worked,2923
3492,licence,2924
3490,surprising,2925
3489,removed,2926
3488,strike,2927
3488,eh,2928
3486,precisely,2929
3486,convention,2930
3486,content,2931
3484,self,2932
3484,mountain,2933
3484,gun,2934
3481,communications,2935
3480,awareness,2936
3480,absolute,2937
3477,setting,2938
3476,kingdom,2939
3475,bear,2940
3473,die,2941
3472,inquiry,2942
3471,sarah,2943
3471,average,2944
3468,white,2945
3468,involves,2946
3466,store,2947
3464,councils,2948
3461,regime,2949
3457,residents,2950
3457,agreed,2951
3454,comments,2952
3449,falling,2953
3448,ages,2954
3447,corporation,2955
3446,focus,2956
3445,arrival,2957
3444,potential,2958
3444,passed,2959
3443,wish,2960
3443,plane,2961
3443,bird,2962
3439,sad,2963
3439,across,2964
3437,occur,2965
3434,bill,2966
3432,birmingham,2967
3429,dependent,2968
3428,consequence,2969
3427,fault,2970
3425,expressed,2971
3424,in_addition_to,2972
3422,electronic,2973
3418,published,2974
3417,rapid,2975
3415,golf,2976
3415,comprehensive,2977
3414,met,2978
3414,hoping,2979
3413,affect,2980
3406,experiences,2981
3402,enemy,2982
3401,pollution,2983
3399,constitution,2984
3397,copies,2985
3396,scope,2986
3396,database,2987
3394,pure,2988
3393,tim,2989
3393,bought,2990
3391,nigel,2991
3390,indian,2992
3390,heard,2993
3389,taste,2994
3389,minority,2995
3387,metres,2996
3385,literary,2997
3382,queen,2998
3381,1975,2999
3376,looked,3000
